documento,texto_bruto,texto_processado
Guia que se masturbou durante mergulho com turista em Maragogi é preso,"Um guia de turismo foi preso na manhã desta quinta-feira (22). Ele foi gravado se masturbando enquanto acompanhava uma turista em um mergulho em Maragogi (AL).
O que aconteceu
O homem, de 32 anos, é acusado de importunação sexual. O crime ocorreu há sete anos nas piscinas naturais de uma das praias mais famosas de Alagoas, mas o mandado de prisão só foi cumprido agora.
Crime foi registrado por uma câmera, que serviu como prova durante o processo criminal. As imagens mostraram o guia se masturbando enquanto leva a vítima em um mergulho com cilindro de ar comprimido e máscara.
Mulher descobriu a importunação após ver a gravação. O passeio havia sido contratado em um hotel do município. As identidades dos envolvidos não foram divulgadas.
Prisão preventiva do suspeito foi decretada em novembro de 2023. A decisão foi dada pelo Vara de Único Ofício de Maragogi e foi cumprida por policiais da DPTur.
É importante que toda a sociedade se conscientize para combater e denunciar esses crimes. As mulheres fiquem atentas a qualquer movimento que considere suspeito e denunciem. Nós estamos atentos a casos como esse Luci Mônica, delegada",guia turismo preso manhã desta gravado masturbando enquanto acompanhava turista mergulho maragogi al aconteceu homem anos acusado importunação sexual crime ocorreu sete anos piscinas naturais praias famosas alagoas mandado prisão cumprido agora crime registrado câmera serviu prova durante processo criminal imagens mostraram guia masturbando enquanto leva vítima mergulho cilindro ar comprimido máscara mulher descobriu importunação após ver gravação passeio havia sido contratado hotel município identidades envolvidos divulgadas prisão preventiva suspeito decretada novembro decisão dada vara único ofício maragogi cumprida policiais dptur importante toda sociedade conscientize combater denunciar crimes mulheres fiquem atentas qualquer movimento considere suspeito denunciem atentos casos luci mônica delegada
Cidade de São Paulo terá queda de temperatura de até 22ºC em 48 horas,"A temperatura deve despencar até 22°C na cidade de São Paulo em apenas dois dias, conforme previsão do tempo divulgada pelo instituto de meteorologia Climatempo.
O que aconteceu
Capital paulista deve ter choque térmico nas próximas 48 horas. Segundo o instituto, a cidade de São Paulo ainda deve registrar até 32°C na sexta-feira (23), mas a temperatura máxima no sábado (24) não deve passar dos 22°C. Já no domingo (24), o dia promete ser gelado e chuvoso com menos de 10°C durante a madrugada, graças à frente fria que deve avançar para o Sudeste.
Chuva deve melhorar a qualidade do ar na cidade. A última passagem de forte frente fria, em 10 de agosto, provocou a chuva com 43,8 mm, superando a média histórica para agosto na capital paulista, que é de 32 mm.
Levantamento do Climatempo mostra que capital paulista teve poucos dias com chuva em cinco meses. Foram sete dias em abril, cinco em maio, nenhum em junho, dois em julho e dois em agosto até agora.
abril: 7 dias com chuvamaio: 5 dias com chuvajunho 0 dia com chuvajulho: dois dias com chuvaagosto: 2 dias em 20 dias até agora
Onda de calor fez Defesa Civil decretar estado alerta na capital. No último sábado (17), São Paulo teve o menor índice médio de umidade relativa do ar dos últimos três anos, com 20,5%. No domingo, a capital paulista teve a menor umidade relativa do ar absoluta de 2024: 13,2%, registrados na estação meteorológica automática da Sé, segundo o CGE (Centro de Gerenciamento de Emergências).",temperatura deve despencar cidade paulo apenas dois dias conforme previsão tempo divulgada instituto meteorologia climatempo aconteceu capital paulista deve ter choque térmico próximas horas segundo instituto cidade paulo ainda deve registrar temperatura máxima sábado deve passar domingo dia promete gelado chuvoso menos durante madrugada graças frente fria deve avançar sudeste chuva deve melhorar qualidade ar cidade última passagem forte frente fria agosto provocou chuva mm superando média histórica agosto capital paulista mm levantamento climatempo mostra capital paulista poucos dias chuva cinco meses sete dias abril cinco maio nenhum junho dois julho dois agosto agora abril dias chuvamaio dias chuvajunho dia chuvajulho dois dias chuvaagosto dias dias agora onda calor fez defesa civil decretar estado alerta capital último sábado paulo menor índice médio umidade relativa ar últimos três anos domingo capital paulista menor umidade relativa ar absoluta registrados estação meteorológica automática sé segundo cge centro gerenciamento emergências
Mega-Sena acumula e prêmio sobe para R$ 33 milhões; veja dezenas sorteadas,"Ninguém acertou as seis dezenas sorteadas hoje no concurso 2765 da Mega-Sena.
O que aconteceu:
Os números sorteados foram 08-12-34-39-43-47.
O próximo concurso será realizado no sábado, com prêmio estimado de R$ 33 milhões. 
66 apostas acertaram cinco dezenas e ganharam R$ 35.663,33. 
Houve 3.707 jogos vencedores com quatro números; cada um deles fatura R$ 907,07. 
Como faço para participar do próximo sorteio da Mega-Sena?
Você precisa fazer uma aposta de seis a 20 números nas lotéricas credenciais pela Caixa, ou no site especial de loterias do banco. Participam do próximo concurso todas as apostas registradas até 19h do dia do sorteio.
Quanto custa apostar na Mega-Sena?
Depende de quantos números você pretende colocar no jogo. A aposta mínima custa R$ 5, e você tem direito de escolher seis dezenas de 1 a 60. Se quiser colocar um número a mais para aumentar as chances de acerto, o preço do jogo sobe para R$ 35.
Quais foram os maiores prêmios dos concursos regulares da Mega-Sena?
2.525, 01/10/2022, 2 apostas vencedoras; premiação total: R$ 317,8 mi2.150, 11/5/2019, 1 aposta vencedora; premiação total: R$ 289,4 mi2.237, 27/2/2020; 2 apostas vencedoras; premiação total: R$ 211,6 mi2.696, 05/3/2024; 1 aposta vencedora; premiação total: R$ 206,4 mi1.764, 25/11/2015; 1 aposta vencedora; premiação total: R$ 205,3 mi1.772, 22/12/2015; 2 apostas vencedoras; premiação total: R$ 197,4 mi2.463, 19/03/2022; 2 apostas vencedoras; premiação total: R$ 189,3 mi2.745, 04/07/2024; 3 apostas vencedoras; premiação total: 162,7 mi2.562, 08/02/2023; 2 apostas vencedoras; premiação total: 152,8 mi1.655, 22/11/2014; 2 apostas vencedoras; premiação total: R$ 135,3 mi2.548, 14/12/2022; 1 aposta vencedora; premiação total: R$ 134,8 mi2.161, 19/6/2019; 1 aposta vencedora; premiação total: R$ 124,2 mi2.189, 18/9/2019: 1 aposta vencedora; premiação total: R$ 120 mi1.220, 6/10/2010; 1 aposta vencedora; premiação total: R$ 119,1 mi
E quais são as minhas chances de ganhar na Mega-Sena?
Isso também varia de acordo com a quantidade de dezenas na sua aposta. Com a menor (R$ 5), com seis números, a chance de acertar todas as bolinhas sorteadas e faturar o prêmio maior é de uma em 50.063.860. Jogando uma dezena a mais (R$ 35), a probabilidade aumenta. Passa a ser de uma em 7.151.980. Quem estiver disposto a pagar mais de R$ 25 mil na aposta com 15 dezenas terá uma chance em 10.003 de cravar tudo e ficar milionário.
Se você desembolsar R$ 40 mil e jogar 16 números, terá uma chance em 6.252; com 17 números e R$ 61,8 mil investidos, você tem uma chance em 4.045; com 18 números você paga mais de R$ 92,8 mil e tem uma chance em 2.697; com 19 números desembolsa mais de R$ 135 mil e sua chance será uma em 1.845; e com 20 números você paga o valor máximo de R$ 193,8 mil e tem uma chance em 1.292.
Como funciona o bolão que a Caixa vende nas lotéricas?
Esses bolões são organizados pelas próprias lotéricas credenciadas pela Caixa. São apostas em grupo com preço mínimo estipulado em R$ 15 no caso da Mega-Sena. A cota mínima obrigatória por participante é de R$ 6. Nessa modalidade, pode existir uma taxa de serviço adicional de 35% do valor da cota. O bolão da Mega-Sena permite de duas a 100 cotas. Em cada bolão, é possível fazer dez apostas diferentes.
Tem mais dúvidas? Confira as respostas às perguntas mais frequentes sobre a Mega-Sena.",ninguém acertou seis dezenas sorteadas hoje concurso aconteceu números sorteados próximo concurso realizado sábado prêmio estimado r milhões apostas acertaram cinco dezenas ganharam r jogos vencedores quatro números cada fatura r faço participar próximo sorteio precisa fazer aposta seis números lotéricas credenciais caixa site especial loterias banco participam próximo concurso todas apostas registradas 19h dia sorteio quanto custa apostar depende quantos números pretende colocar jogo aposta mínima custa r direito escolher seis dezenas quiser colocar número aumentar chances acerto preço jogo sobe r quais maiores prêmios concursos regulares apostas vencedoras premiação total r aposta vencedora premiação total r apostas vencedoras premiação total r aposta vencedora premiação total r aposta vencedora premiação total r apostas vencedoras premiação total r apostas vencedoras premiação total r apostas vencedoras premiação total apostas vencedoras premiação total apostas vencedoras premiação total r aposta vencedora premiação total r aposta vencedora premiação total r aposta vencedora premiação total r aposta vencedora premiação total r mi quais chances ganhar varia acordo quantidade dezenas aposta menor r seis números chance acertar todas bolinhas sorteadas faturar prêmio maior jogando dezena r probabilidade aumenta passa disposto pagar r mil aposta dezenas chance cravar tudo ficar milionário desembolsar r mil jogar números chance números r mil investidos chance números paga r mil chance números desembolsa r mil chance números paga valor máximo r mil chance funciona bolão caixa vende lotéricas bolões organizados próprias lotéricas credenciadas caixa apostas grupo preço mínimo estipulado r caso cota mínima obrigatória participante r nessa modalidade pode existir taxa serviço adicional valor cota bolão permite duas cotas cada bolão possível fazer dez apostas diferentes dúvidas confira respostas perguntas frequentes sobre
Mal cabe na palma da mão: diamante de 2.492 quilates é encontrado em Botsuana,"Um dos maiores diamantes já encontrados até hoje, de 2.492 quilates e que mal cabe na palma da mão, foi encontrado em uma mina em Botsuana, maior produtor africano deste tipo de pedra preciosa, anunciou nesta quinta-feira a empresa de mineração canadense Lucara.
O diamante, encontrado na mina de Karowe, nordeste do país, é ""um dos maiores diamantes brutos já descobertos"", afirmou a empresa em um comunicado.
Também é o maior diamante encontrado em Botsuana, destacou a presidência do país do sul do continente africano em outro comunicado.
Em quilates, não está muito distante do maior diamante conhecido no mundo, o ""Cullinan"", de mais de 3.100 quilates, encontrado na África do Sul em 1905.
""Estamos em êxtase com a recuperação deste diamante extraordinário de 2.492 quilates"", disse o CEO da Lucara, William Lamb.
A empresa não revelou o valor da descoberta, nem sua qualidade, mas apresentará a descoberta à imprensa durante a tarde em Gaborone. O diamante também será exibido ao presidente Mokgweetsi Masisi.
Botsuana, com 2,6 milhões de habitantes, é um dos maiores produtores mundiais de diamantes, sua principal fonte de recursos.
No comunicado, a Lucara afirma que os recursos proporcionam a Botsuana ""benefícios socioeconômicos consideráveis"", como a possibilidade de financiar ""setores essenciais como educação e saúde"", assim como o setor de infraestruturas.
Antes da descoberta anunciada nesta quinta-feira, o maior diamante encontrado em Botsuana era uma pedra de 1.758 quilates, também extraída pela Lucara em 2019 e batizada como 'Sewelo'.",maiores diamantes encontrados hoje quilates mal cabe palma mão encontrado mina botsuana maior produtor africano deste tipo pedra preciosa anunciou nesta empresa mineração canadense lucara diamante encontrado mina karowe nordeste país maiores diamantes brutos descobertos afirmou empresa comunicado maior diamante encontrado botsuana destacou presidência país sul continente africano outro comunicado quilates distante maior diamante conhecido mundo cullinan quilates encontrado áfrica sul êxtase recuperação deste diamante extraordinário quilates disse ceo lucara william lamb empresa revelou valor descoberta qualidade apresentará descoberta imprensa durante tarde gaborone diamante exibido presidente mokgweetsi masisi botsuana milhões habitantes maiores produtores mundiais diamantes principal fonte recursos comunicado lucara afirma recursos proporcionam botsuana benefícios socioeconômicos consideráveis possibilidade financiar setores essenciais educação saúde assim setor infraestruturas antes descoberta anunciada nesta maior diamante encontrado botsuana pedra quilates extraída lucara batizada
"Energia é retomada no Acre e em Rondônia após quase 4 h de apagão, diz ONS","O ONS (Operador Nacional do Sistema Elétrico) confirmou na noite desta quinta-feira (22) que restabeleceu integralmente a energia nos estados do Acre e Rondônia após quase quatro horas de apagão.
O que aconteceu
Restabelecimento integral foi concluído às 20h40. A interrupção da carga ocorreu às 16h47 e afetou 75% da rede (cerca de 218 mil consumidores) no Acre e 84% da rede (aproximadamente 572 mil) em Rondônia, segundo a Energisa, concessionária de energia responsável pelo fornecimento nos estados.
Concessionária disse que um problema externo no SIN (Sistema Interligado Nacional) provocou a interrupção no sistema que abastece os estados. ""Assim que identificou a situação, o Operador iniciou ação conjunta com os agentes para restabelecer a energia nas regiões. A recuperação do serviço foi sendo concluída por fases e comunicada à sociedade no site do operador.""
Nesta quinta-feira, altas temperaturas atingem Acre e Rondônia. Em Rio Branco, a temperatura mínima é de 22ºC e máxima de 37ºC. Já Porto Velho registra a mínima de 23ºC e a máxima de 37ºC, segundo o Climatempo.
""Na ocorrência, houve o desligamento automático do Complexo de geração e transmissão CC do Madeira e a desconexão do Sistema Elétrico do Acre/Rondônia do SIN, provocando o desligamento das cargas do estado do Acre e Rondônia.""
O ONS destacou ainda que as causas da interrupção ainda estão sendo apuradas. ""Elas serão divulgadas em relatório a ser emitido pelo ONS, posteriormente"", acrescentou.
Sala de situação foi aberta
Ministro Alexandre Silveira determinou a abertura imediata de sala de situação. Também em nota, o Ministério de Minas e Energia disse que a sala contaria com participação do ONS, da Aneel (Agência Nacional de Energia Elétrica) e do corpo técnico da pasta para garantir celeridade à recomposição do sistema e acompanhar as demais tratativas sobre a ocorrência.
""A previsão é que todo o serviço seja restabelecido nas próximas horas"", disse o ministério mais cedo. A pasta disse ainda que as condições de atendimento do sistema elétrico brasileiro permanecem confiáveis em todo território nacional.
(*Com Reuters)",ons operador nacional sistema elétrico confirmou noite desta restabeleceu integralmente energia estados acre rondônia após quase quatro horas apagão aconteceu restabelecimento integral concluído 20h40 interrupção carga ocorreu 16h47 afetou rede cerca mil consumidores acre rede aproximadamente mil rondônia segundo energisa concessionária energia responsável fornecimento estados concessionária disse problema externo sin sistema interligado nacional provocou interrupção sistema abastece estados assim identificou situação operador iniciou ação conjunta agentes restabelecer energia regiões recuperação serviço sendo concluída fases comunicada sociedade site operador nesta altas temperaturas atingem acre rondônia rio branco temperatura mínima 22ºc máxima 37ºc porto velho registra mínima 23ºc máxima 37ºc segundo climatempo ocorrência desligamento automático complexo geração transmissão cc madeira desconexão sistema elétrico sin provocando desligamento cargas estado acre rondônia ons destacou ainda causas interrupção ainda sendo apuradas divulgadas relatório emitido ons posteriormente acrescentou sala situação aberta ministro alexandre silveira determinou abertura imediata sala situação nota ministério minas energia disse sala contaria participação ons aneel agência nacional energia elétrica corpo técnico pasta garantir celeridade recomposição sistema acompanhar demais tratativas sobre ocorrência previsão todo serviço restabelecido próximas horas disse ministério cedo pasta disse ainda condições atendimento sistema elétrico brasileiro permanecem confiáveis todo território nacional reuters
Moraes manda PF apreender celular de ex-assessor após mensagens vazadas,"O ministro do STF (Supremo Tribunal Federal) Alexandre de Mores determinou nesta quinta-feira (22) a apreensão do celular de seu ex-assessor Eduardo Tagliaferro, para investigar o possível vazamento de mensagens compartilhadas entre ele e o juiz auxiliar do gabinete de Moraes que foram reveladas pelo jornal Folha de S.Paulo.
O que aconteceu
Decisão do ministro atende a pedido da PF e da PGR. Tagliaferro depôs nesta quinta à Polícia Federal em São Paulo e, segundo a PF, se negou a entregar seu aparelho celular para a perícia. Para a delegada Luciana Matutino Caires, responsável pelo caso, é necessária a análise dos arquivos e comunicações que possam estar no celular de Tagliaferro para elucidar os fatos. 
O aparelho foi apreendido no final da oitiva na PF.
Defesa classificou apreensão como incomum. O advogado de Tagliaferro, Eduardo Kuntz, classificou a medida como ""abuso de autoridade"" e ""excesso de poder"" e que seu cliente prestou depoimento como testemunha. 
Inquérito foi aberto após revelações da Folha de S.Paulo. Polícia Federal investiga possível crime de violação de segredo funcional e tenta identificar quem teria vazado as conversas entre Tagliaferro e Airton Vieira, juiz auxiliar do gabinete de Alexandre de Moraes. O próprio Moraes é o relator do inquérito que investiga seu ex-auxiliar.
À PF, ex-auxiliar disse que aparelho celular foi 'corrompido'. Em um depoimento de cerca de duas horas, Tagliaferro disse que entregou o aparelho na delegacia de Caieiras (Grande SP), onde foi detido em 9 de maio do ano passado, e que recebeu o aparelho seis dias depois ""corrompido"", com problemas com a bateria, por exemplo, e diferente do que era quando foi apreendido.
Tagliaferro chefiava a AEED (Assessoria Especial de Enfrentamento à Desinformação), do TSE (Tribunal Superior Eleitoral). Na época, Moraes presidia o tribunal, e Tagliaferro deixou o cargo após ser preso por violência doméstica, em maio do ano passado. Ele foi exonerado do cargo no TSE no mesmo dia.
Folha revelou uso informal da estrutura do TSE para abastecer investigações no STF. Série de reportagens mostrou diálogos entre Tagliaferro e o juiz Airton Vieira, que atua com auxiliar do gabinete de Moraes no STF. Mensagens mostram magistrado pedindo, via WhatsApp, a produção de relatórios sobre postagens de pessoas que estavam sob investigação no inquérito das fake news, sob a relatoria de Moraes no Supremo.
Relatórios foram utilizados na investigação do STF para embasar medidas contra os investigados. Segundo a Folha, nem sempre os documentos eram formalizados como relatórios produzidos no TSE e, em alguns casos, Airton pediu alterações ou mesmo passou instruções sobre como os relatórios deveriam ser produzidos. O próprio Airton Vieira admite, em mensagens reveladas pela Folha, que os pedidos poderiam levar a questionamentos.
Inquérito de ofício. O ministro Alexandre de Moraes decidiu abrir o inquérito por iniciativa própria. Na prática o ministro decidiu com base em matérias, postagens em redes sociais.
BO da apreensão do celular. O ministro também cita o boletim de ocorrência da apreensão do celular de Tagliaferro, que está disponível na internet.
Fake News contra as instituições. Sem ser provocado, ministro entendeu que vazamentos serias semelhantes a atuação de grupos bolsonaristas investigados no inquérito das fake news e, por isso, determinou uma nova investigação, distribuída para ele mesmo ser o relator para apurar o vazamento das mensagens.
Conteúdo de celular de assessor veio a público pela imprensa. Para Moraes, o vazamento teria objetivo de ""desestabilizar instituições republicanas"". Em nenhum momento, porém, ele atribui algum indicio de irregularidade aos jornalistas que assinam os textos publicados pela Folha.
Como se vê, ainda há provas a serem produzidas visando a cabal elucidação dos fatos como, por exemplo, a obtenção de arquivos, comunicações e documentos cuja entrega espontânea foi recusada pelo investigado, entre outras evidências relativas aos crimes, havendo verdadeira necessidade pela realização da medida. Decisão do ministro Alexandre de Moraes, do STF
Diante de todo o exposto, nos termos do art. 21 do Regimento Interno do Supremo Tribunal Federal, acolho a manifestação da Procuradoria-Geral da República, defiro a representação da autoridade policial e determino a busca pessoal em face de Eduardo de Oliveira Tagliaferro, para que se proceda à apreensão do aparelho celular do investigado, bem como de outros dispositivos eletrônicos ou materiais relacionados aos fatos objeto deste inquérito.Decisão do ministro Alexandre de Moraes, do STF
Não é usual, não é comum, nunca vi apreender qualquer coisa de uma testemunha, principalmente depois de um depoimento de mais de três horas onda todas as respostas foram absolutamente completas às perguntas formuladas. Mais uma situação em que, com todo respeito, o abuso de autoridade, o excesso de poder, salta aos olhos - Eduardo Kuntz, advogado de Eduardo Tagliaferro sobre a decisão que mandou apreender o celular.
CNJ
Nesta quinta-feira, o senador Rogério Marinho (PL-RN) acionou o CNJ contra os juízes do gabinete de Moraes. Senador bolsonarista pede que sejam investigadas as suspeitas de desvio de finalidade e abuso de poder pelos juízes auxiliares Airton Vieira, do STF, e Marco Antônio Vargas, do TSE, que atuam para Moraes. O parlamentar argumenta que os magistrados teriam atuado para produzir provas de maneira irregular para embasar decisões do STF. 
Cabe ao Conselho Nacional de Justiça analisar as denúncias envolvendo magistrados e decidir se abre ou não um procedimento disciplinar contra eles. ",ministro stf supremo tribunal federal alexandre mores determinou nesta apreensão celular eduardo tagliaferro investigar possível vazamento mensagens compartilhadas juiz auxiliar gabinete moraes reveladas jornal folha aconteceu decisão ministro atende pedido pf pgr tagliaferro depôs nesta quinta polícia federal paulo segundo pf negou entregar aparelho celular perícia delegada luciana matutino caires responsável caso necessária análise arquivos comunicações possam celular tagliaferro elucidar fatos aparelho apreendido final oitiva pf defesa classificou apreensão incomum advogado tagliaferro eduardo kuntz classificou medida abuso autoridade excesso poder cliente prestou depoimento testemunha inquérito aberto após revelações folha polícia federal investiga possível crime violação segredo funcional tenta identificar vazado conversas tagliaferro airton vieira juiz auxiliar gabinete alexandre moraes próprio moraes relator inquérito investiga pf disse aparelho celular depoimento cerca duas horas tagliaferro disse entregou aparelho delegacia caieiras grande sp onde detido maio ano passado recebeu aparelho seis dias corrompido problemas bateria exemplo diferente apreendido tagliaferro chefiava aeed assessoria especial enfrentamento desinformação tse tribunal superior eleitoral época moraes presidia tribunal tagliaferro deixou cargo após preso violência doméstica maio ano passado exonerado cargo tse dia folha revelou uso informal estrutura tse abastecer investigações stf série reportagens mostrou diálogos tagliaferro juiz airton vieira atua auxiliar gabinete moraes stf mensagens mostram magistrado pedindo via whatsapp produção relatórios sobre postagens pessoas sob investigação inquérito fake news sob relatoria moraes supremo relatórios utilizados investigação stf embasar medidas contra investigados segundo folha sempre documentos formalizados relatórios produzidos tse alguns casos airton pediu alterações passou instruções sobre relatórios deveriam produzidos próprio airton vieira admite mensagens reveladas folha pedidos poderiam levar questionamentos inquérito ofício ministro alexandre moraes decidiu abrir inquérito iniciativa própria prática ministro decidiu base matérias postagens redes sociais bo apreensão celular ministro cita boletim ocorrência apreensão celular tagliaferro disponível internet fake news contra instituições provocado ministro entendeu vazamentos serias semelhantes atuação grupos bolsonaristas investigados inquérito fake news determinou nova investigação distribuída relator apurar vazamento mensagens conteúdo celular assessor veio público imprensa moraes vazamento objetivo desestabilizar instituições republicanas nenhum momento porém atribui algum indicio irregularidade jornalistas assinam textos publicados folha vê ainda provas serem produzidas visando cabal elucidação fatos exemplo obtenção arquivos comunicações documentos cuja entrega espontânea recusada investigado outras evidências relativas crimes havendo verdadeira necessidade realização medida decisão ministro alexandre moraes stf diante todo exposto termos art regimento interno supremo tribunal federal acolho manifestação república defiro representação autoridade policial determino busca pessoal face eduardo oliveira tagliaferro proceda apreensão aparelho celular investigado bem outros dispositivos eletrônicos materiais relacionados fatos objeto deste ministro alexandre moraes stf usual comum nunca vi apreender qualquer coisa testemunha principalmente depoimento três horas onda todas respostas absolutamente completas perguntas formuladas situação todo respeito abuso autoridade excesso poder salta olhos eduardo kuntz advogado eduardo tagliaferro sobre decisão mandou apreender celular cnj nesta senador rogério marinho acionou cnj contra juízes gabinete moraes senador bolsonarista pede investigadas suspeitas desvio finalidade abuso poder juízes auxiliares airton vieira stf marco antônio vargas tse atuam moraes parlamentar argumenta magistrados atuado produzir provas maneira irregular embasar decisões stf cabe conselho nacional justiça analisar denúncias envolvendo magistrados decidir abre procedimento disciplinar contra
Manual da Voepass impede comissários de registrarem falhas nas aeronaves ,"A Anac (Agência Nacional de Aviação Civil) identificou, há um mês, problemas nos procedimentos adotados pela VoePass para o reporte de falhas de manutenção em voos operados pela empresa.
Uma inspeção do órgão regulador observou que a companhia proíbe comissários de reportarem diretamente problemas associados à manutenção das suas aeronaves. Em vez disso, as falhas devem ser relatadas aos pilotos para eventual inserção em relatório técnico.
A Anac entende que essa política desencoraja o relato de problemas técnicos nas aeronaves operadas pela companhia e solicita que a empresa revise a orientação.
""Considerando a cultura de hierarquia na aviação, provavelmente desencorajaria comissários a fazerem esses registros"", afirma o coordenador de Certificação em Aeronavegabilidade da Anac, Antonio de Quadros Andrade Júnior, em documento ao qual a coluna teve acesso.
A inspeção da Anac foi feita na Regional Linhas Aéreas, que é uma empresa da VoePass ainda em processo de certificação. O manual, contudo, é o mesmo da VoePass, como indicado no documento da agência, com diversas menções à própria VoePass em trechos do manual. O documento foi assinado em 18 de julho.
Procurada, a VoePass afirmou que ""não tem em seu manual nenhum tipo de veto à comunicação de eventuais problemas em suas aeronaves por parte da tripulação.""
Para complementar: ""Reforça também que segue as melhores práticas do setor, tendo um Departamento exclusivo para a gestão da Segurança Operacional, que também é responsável por instituir procedimentos de comunicação que asseguram canais de fácil acesso para reportes de toda e qualquer situação que alguém da companhia, inclusive a tripulação, considere um risco para a operação.""
A companhia afirmou, ainda, que ""todos os seus manuais e procedimentos são revisados e aprovados pela autoridade aeronáutica, em linha com os padrões determinados pelo fabricante das aeronaves e certificados por órgãos internacionais.""
No dia 9 de agosto, um avião da VoePass caiu em Vinhedo (SP), na rota Cascavel-Guarulhos. No acidente, 62 pessoas morreram.
Como noticiado, a mesma aeronave já havia apresentado problemas de manutenção ao longo do ano passado, com problemas associados ao sistema de degelo.
Esse trecho é operado desde junho pela empresa em um acordo com a Latam, que comercializa as passagens aéreas da rota.
Desde fevereiro de 2022, as duas empresas firmaram um acordo de codeshare, que significa oferecerem rotas compartilhadas. Um trecho é feito pela Latam e a outra perna da viagem pela VoePass em algumas rotas.
O acordo entre as duas aéreas inclui opção de compra pela Latam da Voepass. A Voepass não se manifestou se há negociações nesse sentido em curso.
No documento do acordo, constam 117 rotas nas quais a Latam consta como ""companhia comercializadora"" e a VoePass como ""companhia operadora"". Entre elas, está a rota Cascavel-Guarulhos.
Os aviões da VoePass somente começaram a fazer essa rota a partir de 2 de junho, segundo registros da Anac sobre pousos e aterrissagens no Aeroporto Internacional de Guarulhos.
Sobre o acordo, a Latam afirma que ""acordos comerciais de codeshare (código compartilhado) são frequentes na aviação brasileira e mundial. Atualmente, a LATAM mantém acordos de codeshare com empresas aéreas de todo o mundo, inclusive com a Voepass"".
Segundo a Latam, ""a empresa operadora do voo é quem responde por toda a gestão técnica e operacional, incluindo o atendimento aos passageiros nos aeroportos, o próprio voo e as suas eventuais contingências"".
O que diz o relatório da Anac:
""Sempre que as comissárias(os) tiverem reportes para a manutenção, deverão solicitar ao comandante da aeronave a inclusão dos reportes no TLB da aeronave"", indicando que não haverá um relatório técnico exclusivo para comissárias reportarem problemas técnicos da aeronave, mas que na verdade as observações delas teriam que ser inseridas pelos pilotos, no TLB. Considerando a cultura de hierarquia na aviação (entre outros fatores humanos), na prática do dia-a-dia provavelmente desencorajaria as comissárias a fazerem esses registros. Solicitamos esclarecer o procedimento e revisar conforme necessário, considerando aspectos como a cultura de hierarquia na aviação (entre outros fatores humanos), o que na prática do dia-a-dia, pode desencorajar as comissárias a fazerem tais reportes.""",anac agência nacional aviação civil identificou mês problemas procedimentos adotados voepass reporte falhas manutenção voos operados empresa inspeção órgão regulador observou companhia proíbe comissários reportarem diretamente problemas associados manutenção aeronaves vez disso falhas devem relatadas pilotos eventual inserção relatório técnico anac entende política desencoraja relato problemas técnicos aeronaves operadas companhia solicita empresa revise orientação considerando cultura hierarquia aviação provavelmente desencorajaria comissários fazerem registros afirma coordenador certificação aeronavegabilidade anac antonio quadros andrade júnior documento coluna acesso inspeção anac feita regional linhas aéreas empresa voepass ainda processo certificação manual contudo voepass indicado documento agência diversas menções própria voepass trechos manual documento assinado julho procurada voepass afirmou manual nenhum tipo veto comunicação eventuais problemas aeronaves parte tripulação complementar reforça segue melhores práticas setor tendo departamento exclusivo gestão segurança operacional responsável instituir procedimentos comunicação asseguram canais fácil acesso reportes toda qualquer situação alguém companhia inclusive tripulação considere risco operação companhia afirmou ainda todos manuais procedimentos revisados aprovados autoridade aeronáutica linha padrões determinados fabricante aeronaves certificados órgãos internacionais dia agosto avião voepass caiu vinhedo sp rota acidente pessoas morreram noticiado mesma aeronave havia apresentado problemas manutenção longo ano passado problemas associados sistema degelo trecho operado desde junho empresa acordo latam comercializa passagens aéreas rota desde fevereiro duas empresas firmaram acordo codeshare significa oferecerem rotas compartilhadas trecho feito latam outra perna viagem voepass algumas rotas acordo duas aéreas inclui opção compra latam voepass voepass manifestou negociações nesse sentido curso documento acordo constam rotas quais latam consta companhia comercializadora voepass companhia operadora rota aviões voepass somente começaram fazer rota partir junho segundo registros anac sobre pousos aterrissagens aeroporto internacional guarulhos sobre acordo latam afirma acordos comerciais codeshare código compartilhado frequentes aviação brasileira mundial atualmente latam mantém acordos codeshare empresas aéreas todo mundo inclusive voepass segundo latam empresa operadora voo responde toda gestão técnica operacional incluindo atendimento passageiros aeroportos próprio voo eventuais contingências diz relatório anac sempre comissárias reportes manutenção deverão solicitar comandante aeronave inclusão reportes tlb aeronave indicando haverá relatório técnico exclusivo comissárias reportarem problemas técnicos aeronave verdade observações inseridas pilotos tlb considerando cultura hierarquia aviação outros fatores humanos prática provavelmente desencorajaria comissárias fazerem registros solicitamos esclarecer procedimento revisar conforme necessário considerando aspectos cultura hierarquia aviação outros fatores humanos prática pode desencorajar comissárias fazerem tais reportes
"'Muita água para rolar', diz candidato em Guarulhos preterido por Bolsonaro","O candidato à Prefeitura de Guarulhos Lucas Sanches (PL) afirmou não entender por que o ex-presidente Jair Bolsonaro, do seu partido, está apoiando seu rival na cidade. Sanches ainda tem esperança, porém, de conseguir o apoio do ex-presidente. O candidato participou de sabatina promovida pelo UOL e pelo jornal Folha de S.Paulo, exibida nesta quinta-feira (22).
O que aconteceu?
Sanches tem enfrentado críticas e rivalidades internas no PL. Ele tenta garantir uma vaga no segundo turno, numa disputa com Jorge Wilson (Republicanos), o Xerife do Consumidor, candidato do governador Tarcísio de Freitas e apoiado por Bolsonaro.
Sanches (14%) aparece na terceira posição em pesquisa Real Time Big Data divulgada na terça-feira (20). Elói Pietá (Solidariedade) lidera com 22%, empatado tecnicamente com Wilson, com 22%. Em seguida, vem Alencar Santana (PT), com 9%. A margem de erro é de três pontos percentuais para mais ou para menos.
Sanches se manteve neutro na eleição presidencial de 2022 por determinação de seu partido à época, o Progressistas. Isso teria motivado Bolsonaro a dar o troco nesta disputa.
""Às vezes, tem de respeitar decisões partidárias"", disse Sanches. O candidato que tem ao seu lado Valdemar Costa Neto, presidente nacional do PL, e o presidente da Assembleia Legislativa do Estado de São Paulo (Alesp), deputado estadual André do Prado.
Questionado sobre como esclarecer essa confusão para o eleitor, Sanches afirmou que nem Carlos Bolsonaro, filho do ex-presidente, entende a aproximação do pai com o seu adversário. ""Nunca mudei de lado, sempre fui contra o PT, diferentemente do meu adversário [Wilson] e do atual prefeito [Guti], afirmou.
A gente sabe aqui a situação do Xerife do Consumidor, sendo candidato do mesmo partido do Tarcísio. Isso influencia, tanto que por isso não existe uma aproximação ainda, reforço o 'ainda', porque tem muita água para rolar. Na convenção do Xerife, o Bolsonaro estava ali e não estava à vontade.Lucas Sanches, na sabatina UOL/Folha
O candidato também expressou arrependimento por ter sido parte do Movimento Brasil Livre (MBL). Também afirmou que está disposto a dialogar com todas as partes, inclusive com o presidente Lula, para governar Guarulhos de forma eficiente.
Eu mesmo fui o cara que me arrependi muito de ter feito parte desse movimento, por mais que tenha sido por um curto período de prazo, porque ele prega justamente uma ilusão e uma hipocrisia para pessoas que acreditam realmente na direita.Lucas Sanches, na sabatina UOL/Folha
Acusação de tentativa de homicídio
Sanches nega ter sido o mandante do espancamento e da tentativa de homicídio de dois ex-assessores. Em boletim de ocorrência registrado no 5º DP de Guarulhos, os jornalistas Caíque Marcatt e Valdir Pimenta Junior acusaram Sanches pelas agressões, ocorridas em 5 de agosto. No mesmo dia, os dois teriam discutidos com integrantes da campanha de Sanches.
Indagado, o candidato garantiu que não conhece um vendedor preso por tentativa de homicídio contra Marcatt. Matheus Henrique Barbeiro Garreti Marinho foi preso no dia 13, a pedido da juíza Patrícia Padilha, da Vara de Plantão do Fórum de Guarulhos.
Não, não conheço, como disse, eu sou o maior interessado em que as investigações sejam feitas, aceleradas, inclusive, contra mim. Porque eu fiz um boletim de ocorrência, fui ameaçado duas vezes na região do PimentasLucas Sanches, na sabatina UOL/Folha
Propostas para a cidade
Sanches diz que pretende criar centros de diagnóstico com ultrassom em Unidades Básicas de Saúde e implementar a telemedicina como forma de desafogar os hospitais da região.
Para um problema complexo não existe uma solução simples. São várias ações, então a gente vai fazer essas várias ações, vamos reestruturar a saúde e dar um atendimento digno para todas as famílias de GuarulhosLucas Sanches, na sabatina UOL/Folha
Na área de trânsito e mobilidade urbana, o candidato afirmou que investirá em obras, como viadutos, alargamento de vias e semáforos inteligentes. Sua alinhamento ideológico com o governo estadual, diz, será crucial para avançar projetos como a expansão do metrô e da CPTM na cidade.
O diálogo com o governo do estado vai ser o melhor possível, até porque já existe um alinhamento ideológico. Mesmo a gente não estando junto neste momento, que é o primeiro turno, entendo que Guarulhos tem duas eleições. Existe a possibilidade, que é grande, de o Tarcísio vir para o PL, inclusiveLucas Sanches, na sabatina UOL/Folha
Indagado sobre o aumento de cracolândias em Guarulhos, ele afirmou que a área mais afetada da cidade faz divisa com a capital e, portanto, a solução deve envolver colaboração com o próximo prefeito de São Paulo. Sanches ressaltou a importância de não transferir responsabilidades entre os municípios, mas defende que o problema seja enfrentado de forma conjunta.
Embora a segurança pública não seja responsabilidade direta da prefeitura, Sanches planeja aumentar o número de agentes da guarda municipal. Também promete implementar um plano de valorização salarial e de carreira para os profissionais da área.
Sanches propõe concluir as obras do Thomeuzão, o principal ginásio de Guarulhos, que está inacabado há mais de uma década. Além disso, pretende construir 30 campos sintéticos, dois centros olímpicos e um grande parque no bairro Pimentas, o mais populoso da cidade.
Engenheiro Civil, Lucas Sanches tem 28 anos e é vereador de Guarulhos desde 2020, quando foi eleito com 4.851 votos pelo Partido Progressista (PP). Em 2022, tentou se eleger deputado federal já pelo PL, mas obteve 40.881 votos e não foi eleito.
Sabatinas UOL e Folha
A sabatina foi conduzida por Priscila Camazano, da Folha, com participação dos repórteres Saulo Pereira Guimarães, do UOL, e Ana Luiza Albuquerque, da Folha de S.Paulo.
Na segunda-feira (19), foi exibida e entrevista com Elói Pietá (Solidariedade). Na sexta (23), também às 18h30, será a vez de Jorge Wilson (Republicanos).
A série de sabatinas está ouvindo os principais candidatos de 18 cidades do país. As entrevistas têm transmissão pela Internet, nos sites e nos perfis das redes sociais do UOL e da Folha de S.Paulo.
Além de Guarulhos, já passaram pelas sabatinas candidatos de 11 cidades:
Belo Horizonte: com Fuad Noman (PSD) e Rogério Correia (PT);Salvador: Bruno Reis (União) e Kleber Rosa (PSOL);Porto Alegre: Thiago Duarte (União Brasil) e Maria do Rosário (PT);Recife: João Campos (PSB), Gilson Machado (PL) e Daniel Coelho (PSD);São Paulo: Pablo Marçal (PRTB), Guilherme Boulos (PSOL), Ricardo Nunes (MDB) e José Luiz Datena (PSDB) e Tabata Amaral (PSB);Curitiba: Ney Leprevost (União), Eduardo Pimentel (PSD) e Luciano Ducci (PSB);Fortaleza: José Sarto (PDT) e Capitão Wagner (União Brasil);Maceió: Rafael Britto (MDB) e Lobão (Solidariedade);Rio de Janeiro: Tarcísio Motta (PSOL) e Alexandre Ramagem (PL);Manaus: Marcelo Ramos (PT) e David Almeida (Avante);Santo André (SP): Bete Siraque (PT), Luiz Zacarias (PL) e Gilvan Júnior (PSDB).
As convenções partidárias tiveram início em 20 julho e o prazo para oficialização das candidaturas terminou em 5 de agosto. As eleições municipais ocorrem em 6 de outubro, com segundo turno marcado para o dia 27.",candidato prefeitura guarulhos lucas sanches pl afirmou entender jair bolsonaro partido apoiando rival cidade sanches ainda esperança porém conseguir apoio candidato participou sabatina promovida uol jornal folha exibida nesta aconteceu sanches enfrentado críticas rivalidades internas pl tenta garantir vaga segundo turno disputa jorge wilson republicanos xerife consumidor candidato governador tarcísio freitas apoiado bolsonaro sanches aparece terceira posição pesquisa real time big data divulgada elói pietá solidariedade lidera empatado tecnicamente wilson seguida vem alencar santana pt margem erro três pontos percentuais menos sanches manteve neutro eleição presidencial determinação partido época progressistas motivado bolsonaro dar troco nesta disputa vezes respeitar decisões partidárias disse sanches candidato lado valdemar costa neto presidente nacional pl presidente assembleia legislativa estado paulo alesp deputado estadual andré prado questionado sobre esclarecer confusão eleitor sanches afirmou carlos bolsonaro filho entende aproximação pai adversário nunca mudei lado sempre contra pt diferentemente adversário wilson atual prefeito guti afirmou gente sabe aqui situação xerife consumidor sendo candidato partido tarcísio influencia tanto existe aproximação ainda reforço porque muita água rolar convenção xerife bolsonaro ali sanches sabatina candidato expressou arrependimento ter sido parte movimento brasil livre mbl afirmou disposto dialogar todas partes inclusive presidente lula governar guarulhos forma eficiente cara arrependi ter feito parte desse movimento sido curto período prazo porque prega justamente ilusão hipocrisia pessoas acreditam realmente sanches sabatina acusação tentativa homicídio sanches nega ter sido mandante espancamento tentativa homicídio dois boletim ocorrência registrado 5º dp guarulhos jornalistas caíque marcatt valdir pimenta junior acusaram sanches agressões ocorridas agosto dia dois discutidos integrantes campanha sanches indagado candidato garantiu conhece vendedor preso tentativa homicídio contra marcatt matheus henrique barbeiro garreti marinho preso dia pedido juíza patrícia padilha vara plantão fórum guarulhos conheço disse maior interessado investigações feitas aceleradas inclusive contra mim porque fiz boletim ocorrência ameaçado duas vezes região pimentaslucas sanches sabatina propostas cidade sanches diz pretende criar centros diagnóstico ultrassom unidades básicas saúde implementar telemedicina forma desafogar hospitais região problema complexo existe solução simples várias ações então gente vai fazer várias ações vamos reestruturar saúde dar atendimento digno todas famílias guarulhoslucas sanches sabatina área trânsito mobilidade urbana candidato afirmou investirá obras viadutos alargamento vias semáforos inteligentes alinhamento ideológico governo estadual diz crucial avançar projetos expansão metrô cptm cidade diálogo governo estado vai melhor possível porque existe alinhamento ideológico gente estando junto neste momento primeiro turno entendo guarulhos duas eleições existe possibilidade grande tarcísio vir pl inclusivelucas sanches sabatina indagado sobre aumento cracolândias guarulhos afirmou área afetada cidade faz divisa capital portanto solução deve envolver colaboração próximo prefeito paulo sanches ressaltou importância transferir responsabilidades municípios defende problema enfrentado forma conjunta embora segurança pública responsabilidade direta prefeitura sanches planeja aumentar número agentes guarda municipal promete implementar plano valorização salarial carreira profissionais área sanches propõe concluir obras thomeuzão principal ginásio guarulhos inacabado década além disso pretende construir campos sintéticos dois centros olímpicos grande parque bairro pimentas populoso cidade engenheiro civil lucas sanches anos vereador guarulhos desde eleito votos partido progressista pp tentou eleger deputado federal pl obteve votos eleito sabatinas uol folha sabatina conduzida priscila camazano folha participação repórteres saulo pereira guimarães uol ana luiza albuquerque folha exibida entrevista elói pietá solidariedade sexta 18h30 vez jorge wilson republicanos série sabatinas ouvindo principais candidatos cidades país entrevistas têm transmissão internet sites perfis redes sociais uol folha além guarulhos passaram sabatinas candidatos cidades belo horizonte fuad noman psd rogério correia pt salvador bruno reis união kleber rosa psol porto alegre thiago duarte união brasil maria rosário pt recife joão campos psb gilson machado pl daniel coelho psd paulo pablo marçal prtb guilherme boulos psol ricardo nunes mdb josé luiz datena psdb tabata amaral psb curitiba ney leprevost união eduardo pimentel psd luciano ducci psb fortaleza josé sarto pdt capitão wagner união brasil maceió rafael britto mdb lobão solidariedade rio janeiro tarcísio motta psol alexandre ramagem pl manaus marcelo ramos pt david almeida avante santo andré sp bete siraque pt luiz zacarias pl gilvan júnior psdb convenções partidárias início julho prazo oficialização candidaturas terminou agosto eleições municipais ocorrem outubro segundo turno marcado dia
"Congresso promulga PEC da Anistia, com cota de 30% de recursos para candidatos negros","O Congresso Nacional promulgou nesta quinta-feira (22) a emenda constitucional que estipula o repasse de 30% dos recursos de campanha para candidatos pretos e pardos. O texto também prevê um programa de refinanciamento de dívidas dos partidos políticos e o perdão de multas por descumprimento de cotas de raça, desde que os recursos sejam aplicados nas próximas quatro eleições. A emenda ficou conhecida, durante sua tramitação no Legislativo, como ""PEC da Anistia"".
A sessão de promulgação foi rápida e esvaziada: durou pouco mais de dez minutos. O presidente do Senado e do Congresso, Rodrigo Pacheco (PSD-MG), por exemplo, não participou do encontro. Ficou na residência oficial do Senado, em Brasília. Coube ao vice-presidente da Câmara e do Congresso, Marcos Pereira (Republicanos-SP), a missão de promulgar a emenda constitucional.
Em seu breve discurso, Pereira defendeu que as regras eleitorais sejam aprovadas pelo Congresso, e não definidas pelo Judiciário - como foi o caso das cotas raciais, por exemplo, até o último pleito.
""É da máxima importância que os partidos tenham sua atuação pautada pelas ordens criadas pelo Parlamento, que, quando transgredidas, devem sofrer as sanções previstas em lei"", disse o deputado.
Segundo ele, ""é fundamental que os partidos sejam hígidos e atuem em um ambiente de segurança jurídica, no qual possam planejar o tempo e executar suas estratégias em busca do sucesso político e eleitoral"". Pereira disse ainda que a emenda constitucional aprovada ""reforça as ações afirmativas"" adotadas pelo Congresso e citou outra emenda aprovada há dois anos, que estabeleceu a cota de gênero.
""Até então, tratava-se de regra concebida pelos tribunais. Vale ressaltar a importância de que as ações sejam discutidas e aprovadas pelos legisladores, já que devem ser levados em conta os aspectos políticos"", disse. Nenhum outro dos parlamentares presentes quis discursar.
Repasses menores
A emenda constitucional promulgada nesta quinta-feira, porém, reduz na prática o porcentual de repasse para os candidatos pretos e pardos. Pela regra que vigorava até então, essa fatia deve ser proporcional ao número de candidatos negros, conforme definido pelo Tribunal Superior Eleitoral (TSE) e chancelado pelo Supremo Tribunal Federal (STF). Ou seja: se a proporção de candidatos negros é de 50% em relação ao número total de candidatos, o repasse global deve ser de 50% para pessoas pretas e pardas, como aconteceu em 2022.
Pelo texto aprovado no Congresso agora, esse repasse será de 30%. ""Dos recursos oriundos do Fundo Especial de Financiamento de Campanha (FEFC) e do Fundo Especial de Assistência Financeira aos Partidos Políticos (Fundo Partidário) destinados às campanhas eleitorais, os partidos políticos devem, obrigatoriamente, aplicar 30% às candidaturas de pessoas pretas e pardas nas circunscrições que melhor atendam aos interesses e estratégias partidárias"", define o texto aprovado pelos deputados e pelos senadores.
Além disso, a emenda constitucional promulgada pelos congressistas nesta quinta-feira também considera que eventuais descumprimentos das cotas raciais nas eleições passadas devem ser desconsiderados, desde que, nas próximas quatro eleições, os partidos políticos compensem essa diferença.
Por se tratar de uma emenda constitucional, as mudanças por ela impostas não estão sujeitas à regra da anualidade (que prevê que qualquer lei que altere as regras eleitorais só pode ser aplicada se for aprovada com mais de um ano de antecedência). Com isso, o que na prática significará uma redução no repasse se aplica já a partir das eleições deste ano.
O texto também cria um programa de refinanciamento dos débitos dos partidos, com isenção de juros e multa, aplicada apenas a correção monetária dos valores ao longo do tempo. As dívidas previdenciárias poderão ser parceladas em até 60 meses (ou seja, cinco anos), e as demais pendências, em 180 meses (ou seja, 15 anos). Os recursos do fundo partidário, usado para a manutenção da estrutura dos partidos, poderão ser utilizados para pagar essas dívidas.
Entenda o que muda
Piso de envio de recursos
O cerne da PEC era reduzir a quantidade de recursos para candidaturas de pessoas pretas. O texto, porém, abre brechas para que as siglas transfiram o valor para apenas um candidato, sem obedecer à proporcionalidade das candidaturas de políticos pretos. Os diretórios nacionais das legendas também vão poder escolher uma determinada região para qual vão enviar as verbas de campanha.
O piso mínimo vai valer a partir das eleições municipais deste ano e deve ser seguido nos próximos pleitos.
Reparcelamento de dívidas
A PEC estabelece que os partidos políticos vão estar livres de pagar multas ou de ter o Fundo Partidário e Eleitoral suspenso devido a prestações de contas realizadas antes da promulgação da emenda. Cálculos feitos no ano passado por organizações de transparência eleitoral apontavam que, caso fossem consideradas apenas as contas pendentes de julgamento, o valor poderia chegar a R$ 23 bilhões.
As multas eleitorais poderão ser pagas em até 15 anos. As obrigações previdenciárias terão um prazo de cinco anos, e as dívidas tributárias impostas a políticos serão anuladas, conforme organizações ligadas à transparência partidária.
Legalização do 'caixa dois'
Além de permitir que os partidos paguem suas multas com os recursos do Fundo Partidário, também fica liberada a devolução de recursos públicos e privados, ""inclusive os de origem não identificada"".
De acordo com entidades ligadas à transparência eleitoral, esse trecho da PEC permite que os partidos utilizem uma das formas do chamado ""caixa 2"" para quitar as suas dívidas com a justiça.
Imunidade tributária para partidos
Coligações partidárias e as próprias legendas foram incluídas na lista de instituições que não pagam impostos, assim como entidades religiosas ou de assistência social.
Recuperação fiscal
Os partidos agora têm acesso a um Programa de Recuperação Fiscal (Refis) para regularizar débitos com isenção dos juros e multas acumulados, aplicando-se apenas a correção monetária sobre os montantes originais.",congresso nacional promulgou nesta emenda constitucional estipula repasse recursos campanha candidatos pretos pardos texto prevê programa refinanciamento dívidas partidos políticos perdão multas descumprimento cotas raça desde recursos aplicados próximas quatro eleições emenda ficou conhecida durante tramitação legislativo pec anistia sessão promulgação rápida esvaziada durou pouco dez minutos presidente senado congresso rodrigo pacheco exemplo participou encontro ficou residência oficial senado brasília coube câmara congresso marcos pereira missão promulgar emenda constitucional breve discurso pereira defendeu regras eleitorais aprovadas congresso definidas judiciário caso cotas raciais exemplo último pleito máxima importância partidos atuação pautada ordens criadas parlamento transgredidas devem sofrer sanções previstas lei disse deputado segundo fundamental partidos hígidos atuem ambiente segurança jurídica possam planejar tempo executar estratégias busca sucesso político eleitoral pereira disse ainda emenda constitucional aprovada reforça ações afirmativas adotadas congresso citou outra emenda aprovada dois anos estabeleceu cota gênero então regra concebida tribunais vale ressaltar importância ações discutidas aprovadas legisladores devem levados conta aspectos políticos disse nenhum outro parlamentares presentes quis discursar repasses menores emenda constitucional promulgada nesta porém reduz prática porcentual repasse candidatos pretos pardos regra vigorava então fatia deve proporcional número candidatos negros conforme definido tribunal superior eleitoral tse chancelado supremo tribunal federal stf proporção candidatos negros relação número total candidatos repasse global deve pessoas pretas pardas aconteceu texto aprovado congresso agora repasse recursos oriundos fundo especial financiamento campanha fefc fundo especial assistência financeira partidos políticos fundo partidário destinados campanhas eleitorais partidos políticos devem obrigatoriamente aplicar candidaturas pessoas pretas pardas circunscrições melhor atendam interesses estratégias partidárias define texto aprovado deputados senadores além disso emenda constitucional promulgada congressistas nesta considera eventuais descumprimentos cotas raciais eleições passadas devem desconsiderados desde próximas quatro eleições partidos políticos compensem diferença tratar emenda constitucional mudanças impostas sujeitas regra anualidade prevê qualquer lei altere regras eleitorais pode aplicada aprovada ano antecedência prática significará redução repasse aplica partir eleições deste ano texto cria programa refinanciamento débitos partidos isenção juros multa aplicada apenas correção monetária valores longo tempo dívidas previdenciárias poderão parceladas meses cinco anos demais pendências meses anos recursos fundo partidário usado manutenção estrutura partidos poderão utilizados pagar dívidas entenda muda piso envio recursos cerne pec reduzir quantidade recursos candidaturas pessoas pretas texto porém abre brechas siglas transfiram valor apenas candidato obedecer proporcionalidade candidaturas políticos pretos diretórios nacionais legendas vão poder escolher determinada região vão enviar verbas campanha piso mínimo vai valer partir eleições municipais deste ano deve seguido próximos pleitos reparcelamento dívidas pec estabelece partidos políticos vão livres pagar multas ter fundo partidário eleitoral suspenso devido prestações contas realizadas antes promulgação emenda cálculos feitos ano passado organizações transparência eleitoral apontavam caso consideradas apenas contas pendentes julgamento valor poderia chegar r bilhões multas eleitorais poderão pagas anos obrigações previdenciárias prazo cinco anos dívidas tributárias impostas políticos anuladas conforme organizações ligadas transparência partidária legalização dois além permitir partidos paguem multas recursos fundo partidário fica liberada devolução recursos públicos privados inclusive origem identificada acordo entidades ligadas transparência eleitoral trecho pec permite partidos utilizem formas chamado caixa quitar dívidas justiça imunidade tributária partidos coligações partidárias próprias legendas incluídas lista instituições pagam impostos assim entidades religiosas assistência social recuperação fiscal partidos agora têm acesso programa recuperação fiscal refis regularizar débitos isenção juros multas acumulados apenas correção monetária sobre montantes originais
"'STF não pode ser protagonista da lei', diz relator de PEC que limita poderes da Corte","Designado relator da proposta de emenda à Constituição (PEC) que dá ao Congresso poder de sustar decisões do Supremo Tribunal Federal (STF), o deputado federal Luiz Philippe de Orleans e Bragança (PL-SP) disse que o STF ""não pode ser protagonista da lei"".
Ele apresentará o relatório na Comissão de Constituição e Justiça (CCJ) da Câmara dos Deputados, hoje uma das principais linhas de enfrentamento da oposição no Congresso Nacional.
Luiz Philippe não fará alterações no texto da PEC e apenas defenderá a admissibilidade.
A proposição visa estabelecer o julgamento de referendo de liminares pelo colegiado de qualquer tribunal brasileiro e, no caso do Supremo, permite o Congresso sustar uma decisão da Corte por votação. Seria preciso, nesse caso, dois terços de votos das duas Casas, isto é, 342 deputados e 51 senadores.
O deputado Reinhold Stephanes (PSD-PR) é o autor da proposta. ""Sustar decisão do Supremo, em boa medida, alonga regra constitucional já prevista na Constituição Federal, com a possibilidade de o STF também sustar deliberação da Casa Legislativa"", justifica Stephanes. ""O que bem pondera o núcleo essencial da separação de Poderes, freios e contrapesos.""
Para Luiz Philippe, a PEC não empodera demais o Legislativo, que já é capaz de propor legislação, iniciar o processo de impeachment de presidentes e ministros do Supremo, derrubar decretos e vetos presidenciais, entre outras coisas.
""O STF não pode ser protagonista de legislação. O Legislativo perdeu muito (poder) nos últimos 30 anos"", afirma o parlamentar.
Essa matéria faz parte de mais uma ofensiva da oposição na CCJ. Como mostrou o Estadão, como reação ao STF, que suspendeu emendas parlamentares ao Orçamento, o presidente da Câmara, Arthur Lira (PP-AL), retaliou desengavetando essa PEC e outra, já aprovada pelo Senado, que limita as decisões monocráticas de ministros do STF.
A presidente da CCJ da Câmara, Caroline de Toni (PL-SC), designou o bolsonarista Filipe Barros (PL-PR) para ser o relator da PEC sobre as decisões monocráticas.
Além disso, repousa da CCJ uma outra PEC que visa anistiar os detidos por alegado envolvimento nos ataques golpistas do 8 de Janeiro.
Essa proposta tem o bolsonarista Rodrigo Valadares (União-SE) como relator. Valadares disse que reuniu com De Toni e espera que a matéria deve entrar em pauta ainda antes das eleições, em setembro.",designado relator proposta emenda constituição pec dá congresso poder sustar decisões supremo tribunal federal stf deputado federal luiz philippe orleans bragança disse stf pode protagonista lei apresentará relatório comissão constituição justiça ccj câmara deputados hoje principais linhas enfrentamento oposição congresso nacional luiz philippe fará alterações texto pec apenas defenderá admissibilidade proposição visa estabelecer julgamento referendo liminares colegiado qualquer tribunal brasileiro caso supremo permite congresso sustar decisão corte votação preciso nesse caso dois terços votos duas casas deputados senadores deputado reinhold stephanes autor proposta sustar decisão supremo boa medida alonga regra constitucional prevista constituição federal possibilidade stf sustar deliberação casa legislativa justifica stephanes bem pondera núcleo essencial separação poderes freios contrapesos luiz philippe pec empodera demais legislativo capaz propor legislação iniciar processo impeachment presidentes ministros supremo derrubar decretos vetos presidenciais outras coisas stf pode protagonista legislação legislativo perdeu poder últimos anos afirma parlamentar matéria faz parte ofensiva oposição ccj mostrou estadão reação stf suspendeu emendas parlamentares orçamento presidente câmara arthur lira retaliou desengavetando pec outra aprovada senado limita decisões monocráticas ministros stf presidente ccj câmara caroline toni designou bolsonarista filipe barros relator pec sobre decisões monocráticas além disso repousa ccj outra pec visa anistiar detidos alegado envolvimento ataques golpistas janeiro proposta bolsonarista rodrigo valadares relator valadares disse reuniu toni espera matéria deve entrar pauta ainda antes eleições setembro
Congresso promulga perdão a partidos e redução de verba para negros,"O Congresso Nacional promulgou, nesta quinta-feira (22), uma emenda constitucional que perdoa as dívidas tributárias de mais de cinco anos dos partidos, com possibilidade de refinanciamento de outras multas e uma redução no repasse de recursos do fundo eleitoral para candidatos negros.
O que aconteceu
Sessão solene esvaziada. A cerimônia foi conduzida pelo vice-presidente da Câmara e presidente do Republicanos, deputado Marcos Pereira (SP). Nem o presidente do Senado, Rodrigo Pacheco (PSD-MG), nem o da Câmara, Arthur Lira (PP-AL), estiveram presentes.
Proposta foi aprovada na Câmara e no Senado por pressão dos partidos políticos. O argumento das siglas para defender o perdão da dívida é que o valor das multas será descontado dos repasses futuros ao Fundo Partidário. O valor pode ser abatido em parcela única ou diluído.
Os R$ 4,9 bilhões para financiamento de campanha em 2024 serão distribuídos entre 29 partidos, conforme estabelecido pela lei eleitoral. O PL é o partido que vai receber a maior fatia, com 18% do fundo, seguido do PT (13%) e do União Brasil (11%).
A ONG Transparência Partidária estima que o montante total das multas pode chegar a R$ 23 bilhões. Não há, no entanto, um número oficial sobre o valor.
Mudanças nas cotas para negros serão válidas já na eleição de 2024. O texto fixa em 30% o repasse mínimo da verba dos fundos eleitorais e de campanha para candidaturas negras a partir das eleições de 2024, o que é visto por especialistas como uma redução.
Percentual vai na contramão da Justiça Eleitoral. Uma resolução do TSE diz que a distribuição dos valores e do tempo de propaganda eleitoral gratuita deve ser proporcional ao total de candidaturas negras na sigla, sem um percentual mínimo. Pela recomendação do TSE, as siglas deveriam destinar o mesmo percentual do dinheiro do Fundo Partidário e do Fundo Eleitoral para candidatos negros.
Pretos e pardos representam 52,7% dos candidatos inscritos nas eleições de 2024. Mas apenas 37,1% entre aqueles que vão disputar vagas de prefeito. Em 2020, os números eram similiares. A participação de pretos e pardos representou 50% de todas as candidaturas. Entretanto, nas disputas por prefeituras, o percentual de negros caía para 35%.
O que diz o texto
Perdoa todas as sanções tributárias de partidos com prazo de inadimplência superior a cinco anos, incluindo multas por não cumprir cota de negros e mulheres. Apesar de não mencionar, a brecha pode perdoar as siglas que não fizeram os repasses mínimos para candidaturas de mulheres e negros nas eleições de 2022. O Congresso já tinha promulgado uma emenda que anistia as siglas que cometeram esse tipo de irregularidade nas eleições passadas.
Renegocia as dívidas para partidos. A proposta cria um Refis (Programa de Recuperação Fiscal) para que os partidos regularizem suas dívidas com isenção dos juros e multas acumulados, em dois anos para os débitos previdenciários.
Perdoa repasses insuficientes a candidaturas negras em eleições anteriores, mas estabelece que esses recursos sejam reaplicados nas próximas quatro eleições. Na prática, a ONG Transparência Brasil considera que é uma anistia às siglas que não cumpriram as recomendações já previstas pela Justiça Eleitoral. Deputados negros que discursaram hoje na tribuna, porém, viram o repasse obrigatório como um acordo ""adequado"" dentro das possibilidades durante a votação.
Flexibiliza prestação de contas. Os partidos ficam dispensados de apresentar recibos de doações a candidatos recebidas por Pix.",congresso nacional promulgou nesta emenda constitucional perdoa dívidas tributárias cinco anos partidos possibilidade refinanciamento outras multas redução repasse recursos fundo eleitoral candidatos negros aconteceu sessão solene esvaziada cerimônia conduzida câmara presidente republicanos deputado marcos pereira sp presidente senado rodrigo pacheco câmara arthur lira presentes proposta aprovada câmara senado pressão partidos políticos argumento siglas defender perdão dívida valor multas descontado repasses futuros fundo partidário valor pode abatido parcela única diluído r bilhões financiamento campanha distribuídos partidos conforme estabelecido lei eleitoral pl partido vai receber maior fatia fundo seguido pt união brasil ong transparência partidária estima montante total multas pode chegar r bilhões entanto número oficial sobre valor mudanças cotas negros válidas eleição texto fixa repasse mínimo verba fundos eleitorais campanha candidaturas negras partir eleições visto especialistas redução percentual vai contramão justiça eleitoral resolução tse diz distribuição valores tempo propaganda eleitoral gratuita deve proporcional total candidaturas negras sigla percentual mínimo recomendação tse siglas deveriam destinar percentual dinheiro fundo partidário fundo eleitoral candidatos negros pretos pardos representam candidatos inscritos eleições apenas vão disputar vagas prefeito números similiares participação pretos pardos representou todas candidaturas entretanto disputas prefeituras percentual negros caía diz texto perdoa todas sanções tributárias partidos prazo inadimplência superior cinco anos incluindo multas cumprir cota negros mulheres apesar mencionar brecha pode perdoar siglas fizeram repasses mínimos candidaturas mulheres negros eleições congresso promulgado emenda anistia siglas cometeram tipo irregularidade eleições passadas renegocia dívidas partidos proposta cria refis programa recuperação fiscal partidos regularizem dívidas isenção juros multas acumulados dois anos débitos previdenciários perdoa repasses insuficientes candidaturas negras eleições anteriores estabelece recursos reaplicados próximas quatro eleições prática ong transparência brasil considera anistia siglas cumpriram recomendações previstas justiça eleitoral deputados negros discursaram hoje tribuna porém viram repasse obrigatório acordo adequado dentro possibilidades durante votação flexibiliza prestação contas partidos ficam dispensados apresentar recibos doações candidatos recebidas pix
